"Performance","Strength","Skills","Speed"
71.9839351717749,46.6421530070987,62.5460196232303,51.6476084123652
69.9081764661486,66.6902152528939,67.2614653843069,50.5088770185602
64.8224255277778,47.404086486364,55.1506331117198,51.7334166437041
72.1780233974873,34.9685704688189,69.4748858499065,52.439531979085
74.7558843592858,47.5425693591406,57.8349870455673,47.767977453652
52.5310430865445,47.2727643025233,53.2893032475701,64.8986343860208
64.6123916265391,23.0311335705843,73.8799172178308,33.9909602152348
67.4505302959641,49.4570513348219,73.1910966378649,41.7150297521975
72.5617060569428,47.6906546979132,81.7431060242286,48.9674523985095
81.9331100592713,56.9620636481342,63.5331164563735,33.5681118884583
62.2825918540322,68.4895609494534,76.1207927025513,48.2414559556793
65.0203815318216,61.2656502954776,78.2619635841049,66.6147016572802
64.8746588935345,47.3111130944517,76.6716071174739,50.2088648829596
61.9847240989546,38.9347409125833,57.6151947579679,52.3070090571868
66.5281350488774,75.7335980324986,72.2404522340678,37.3983523482742
77.7080221998797,50.5921843401449,75.4621044408199,43.8363859196052
59.4616450463565,50.1392929191295,70.1076770036191,46.2480361967606
74.278143951529,49.7587491289,38.7028351244337,46.8228490324377
52.9809776998166,51.9808476076785,72.4073443596022,62.8164379500377
64.3866200355779,48.5563958807606,100,55.5769106072512
66.7051069978201,44.2633799311976,64.5994109686453,38.8854204306297
86.7485967291406,44.5314105875961,59.0788435321702,52.46504778432
67.2519769524731,49.67246729784,75.600228395671,54.9822174849678
47.9875652654908,44.5657522886624,74.6856731569986,61.4014903852127
50.0111109313875,42.8715421732284,87.8910274812462,65.8054068656837
70.3402958634668,51.064302276919,51.1319776613667,39.8490580817213
76.1377085578991,47.4502278257914,80.9707037886249,41.8914248878966
73.7545585762725,65.0399298858269,78.856330918772,37.4242214108538
71.6757010580099,23.4903019160699,67.8678019458918,47.6598014089302
81.6225959750567,60.9150685192246,75.0803097688253,54.6635837444633
64.6040877926287,62.4608519249763,85.4418622239754,59.873345165891
78.9491055602683,29.2660976759185,83.0847307004268,49.2404897635748
53.6798511497358,46.5731240591965,52.8547103188941,46.8015247674516
60.9505216706193,46.2855913400421,82.3023728013323,51.5175799224874
51.9295860506818,35.9248830528218,69.0296709245122,41.6485709836998
67.2515469933021,42.2218331240912,71.0931114702327,70.8953872169477
69.5373878273366,38.8942415453417,71.0979548650254,33.9233897288194
71.1410149222652,67.5227044342362,67.7463551680261,51.8474057889572
70.6188335288713,59.3567839314746,87.875612456606,70.2360621922964
60.7244666918827,62.7155509499416,68.7442306022618,50.0679984456
68.0975915558678,57.2167206404323,53.2068080742525,48.0996096499851
55.0255333139425,38.7094822878277,64.0970521604541,46.4255457718957
83.6322897513225,44.7547973372023,72.6804207521571,48.1960831823759
66.96373927102,54.8937456122792,88.4382217644558,63.7284847467653
65.1111388095631,37.7787219110805,79.0464202742325,27.8813808867049
85.8894032844408,57.1299843017239,57.2419708187943,65.3343370129633
57.5775346645077,47.5967460184186,100,35.7604284754985
58.7441288596803,46.251791924504,73.9716296646697,47.3334767076559
59.0377967513143,57.1095996820349,89.1308610699852,45.7075557970134
69.3212861830052,54.4426331148604,67.7242834963416,55.8855326977072
74.316316296376,46.3903383418092,78.0003886705817,34.0187564811625
77.3967546811783,61.5932980336425,82.5920275677761,54.6217266608194
95.7199531749497,39.189366724001,88.2729206763138,70.2430962328685
47.5056754579924,56.1593560694426,85.8605245806734,36.3682599540719
76.0873558912442,55.9310125796838,83.0829550010947,51.897061676104
64.4286942742777,46.9045356068601,65.2736990320884,43.3801782220339
64.1358485111123,53.2613302224212,61.4238093706591,54.2588720619304
63.8022787174612,37.488864236147,74.989112654863,50.1914777741575
60.9123032919203,59.240270192069,83.996921085116,43.5851309095569
86.8452483460345,48.1509786355701,66.6591894883509,54.8787228487107
78.422973270139,44.7727697948096,85.9775794857158,68.0434810978674
70.2319597855737,60.4900922583689,91.7892511822927,48.090962082727
83.51015752487,42.9565630945724,56.2551862138987,57.1975794214818
54.8747103470112,35.9153870363644,57.4461894430558,37.0672704212884
56.6929486866907,34.433708264761,67.89437411642,40.4356362318199
48.2203226780531,56.0600995134564,74.6141900228379,54.7240627788038
63.0058545987671,37.1957064750372,62.1314947934942,64.8411602853596
71.6169852670475,67.5479418198436,90.2830401830072,53.5561334878566
71.0285857793233,29.1807059211628,76.3610029227768,46.8694196947685
71.4934191105988,66.9645636829004,70.5917057236111,49.9929140542335
55.8894316893392,52.1101746720262,48.4613571419721,37.4959226603028
78.0315474261402,49.0328688812961,50.2627627535874,56.0451532635537
72.39627518239,44.5508091319105,74.2151387542271,58.8233306232341
77.33054281466,53.9913611435207,38.0110656076775,45.4790966716692
51.0723782240995,49.6236529757515,85.1895611446611,45.299578522405
73.1149085879779,61.0330188201652,67.6276923344152,52.6587822965205
58.1223476008247,51.1422764866204,100,45.632802639594
66.0267674744864,51.5030176146188,100,49.3386738537418
75.3436489863638,46.3638778778614,67.2782639612873,70.9972178916652
70.9109360625591,49.4305437627893,68.4049449620303,47.52974299254
61.4846002022068,53.0780176889206,84.9337227100305,46.4165984797878
70.0627315618442,32.8983160734337,95.5475891487706,43.5245819436484
54.6846468475636,36.5181457789429,45.4295641384598,57.4419197149994
81.502673958983,57.4326409402272,43.2043680196797,48.187758267819
67.9471598050375,51.7086543812794,60.6694779166843,43.5062696167857
81.1854994425533,48.1601666364732,78.741063747608,63.2130403227301
64.7346831290396,50.1843393306539,77.453103857614,64.1960300451364
64.7642401159342,53.4758170536167,86.0465718247577,43.995764342613
62.3581321336215,44.6024031969064,52.0045370745204,31.3346004863938
78.7617393169308,42.2169527459769,35.2578420554669,60.0751368983692
62.9056884267152,51.9584525509768,82.8702129295322,43.1537017424
76.4459543241518,40.2162722238497,57.5770559055215,57.9062559916277
66.1754760233071,54.0825275571447,39.7226820341704,30.2989618228816
50.2403670010838,32.9741639576216,72.1759561893907,58.9259733829931
64.2968593221353,60.2915563732564,81.8976353232802,37.8882807071922
58.2089178563715,54.7259748241304,68.1691430181808,57.3076411906652
70.3390272368234,52.5602973431388,63.1322742072627,50.1427306783643
58.0959226432551,59.8269098394551,67.6095665178114,40.4606058060336
79.2597510071462,66.6547444446258,64.4412585639883,45.9296368707322
69.0892413964697,60.1437006501813,49.7792933208975,56.863184569567
68.2240400524126,31.5912576866835,59.2797898451435,51.0589445311523
76.5589213778758,37.204230332643,77.8191985752072,55.8441298047248
79.6390693407586,43.7518142230432,74.8251781206475,69.7644058451549
69.7990124823035,50.2609105021083,72.5208970895023,34.3575838828895
62.2879970045071,55.1765902046912,55.0727727721993,66.1721257496862
52.2603038388787,42.7425618684653,67.277452567965,51.0435593752321
63.1395024296482,51.8676676447708,37.3440243033572,41.0121595167687
63.8278775335204,42.4461706764668,72.6771499582809,36.6968637426101
71.070574529923,43.8848219700805,91.4328656172035,48.1087960922297
66.5485311886197,35.9333890315178,47.8880180193684,59.2165011192446
76.8793297205143,40.767667538891,61.2110849002337,48.7245087962247
63.8701672872931,36.4831539438367,74.9366016806519,65.1115493024735
69.4295883314706,40.2412674702267,88.7926395164123,35.4882430994844
81.8398744319689,60.5364179660784,63.2766307554978,49.8791105215395
73.4182521395497,40.5060111116806,59.6162450610116,37.4760655558688
69.3996245831144,76.3238206483739,40.4661528637588,53.6363188262497
63.9805555806482,54.9331790088089,71.5515719396216,58.868873900973
63.6676860328502,51.8483612369487,100,45.7923820631895
61.4938674704805,41.4164221981879,74.1603769294701,23.9578614337287
64.589931342171,57.0030987940899,69.6658153122443,51.9894814679649
77.5566583874432,44.2436217376223,74.8312346615048,54.3673855173351
67.7811172870773,51.2200981464536,69.833619940771,54.042947549617
56.5022693061877,75.600845382688,57.8047844160981,62.3578219182215
87.6816929305978,49.0394010027535,82.3491987351656,39.2894632035095
73.1996519114516,61.4927332628568,73.3864228466763,56.8021610545045
55.9305659948683,42.9682357487411,70.2641987790049,61.9250751247798
65.5815107275918,49.6501150950304,55.3695095908263,32.2141241599348
71.1088638282842,67.7080063563551,89.5526189790214,53.1965182591898
87.0459209329738,43.7303294221223,79.9705411799966,44.9582016899233
58.9188754174113,68.1244855799693,61.7061874394905,49.1847732689835
79.7604071935595,57.0775193545548,85.0273728052291,53.4767648353834
83.9948642697234,44.3753322410573,62.5364374242219,45.1277143588645
63.7134569492543,56.3240773905552,58.2699476123344,43.2429192083839
67.2248638113977,59.7255444962673,58.6044532377957,50.3415241748802
59.6369075262623,56.218099622172,43.4339717036786,39.127540611372
67.9653885891969,34.2977528010954,77.0731357062731,39.1417487111481
69.6341002565707,42.7286282417513,42.5328268249247,56.793732829565
76.5964999808237,47.524813644485,51.5733425310136,38.5120596484134
80.9018347102045,49.2556657089995,38.866179863822,56.6631250090921
62.5190393537835,56.2067209755068,68.7089546081366,54.6259129285395
50.3267493577401,51.7770100093325,67.7451930959219,32.741932712094
69.7875522072376,36.646556412899,65.0995568022045,43.2243534766435
72.9353752996864,53.8019785100596,54.3613345799414,61.9410940304737
72.4941768768504,56.1058574528382,52.4164936984504,40.1883446886032
66.7332675249096,55.5979044793104,76.9655479531986,45.3559573769061
71.2475209966393,60.8078072555462,61.7417210243727,54.620608932519
85.1544480835225,58.339221545489,74.7453748230422,57.833905092826
73.8173416896251,54.5918007922844,56.7212697081367,47.484611139555
66.2663157499692,49.2983428854135,72.7159411415662,44.0248980530836
64.99802182904,33.3903906648401,89.549170559741,64.2236986169851
68.3014764232227,54.2961821913259,78.7924870058918,67.3889966379758
86.3673996183064,52.0768768716311,63.8137927267528,59.788580507818
68.166992904738,52.7157883719537,73.8579845553389,50.8531814256502
69.8020565547929,37.2325142417969,66.3900223820468,41.9173427835907
65.176864290637,39.1894345959174,70.1182027704209,41.6955559344343
80.9898335744196,60.531528533329,65.1158342177724,55.2251410526576
89.5983725474468,49.6044484614334,67.5349719117191,54.1839822088868
74.5061304943139,56.8150069737262,73.1814002961126,64.0159859294643
70.8277290378543,50.2831837613046,55.0996195062707,56.5045009253614
70.3678283317423,50.2975613949575,54.7618175951503,34.9691969824018
46.1569321121425,59.38283805976,49.1718616925318,60.5194761772292
77.4515086428482,44.8395527178263,45.9959334324444,40.0193937268559
71.3416641599584,50.9612077694098,51.7407596166928,46.1602872804765
74.2834205066073,45.3772471129496,72.3919376020619,52.5020020625169
62.885378059163,45.6550377256768,56.6081872676217,69.9566748978396
66.1554312102291,46.9082787653136,77.7042169634665,81.0991855600536
65.8897506349683,52.2213377163371,70.5207062312884,56.0672305913618
80.2162298407304,45.2125137833652,40.4724367984292,48.1680338127961
66.2124016339691,62.5575612557352,79.8246337633254,55.3450564848055
90.826603221098,41.053926977805,82.1619796838756,58.8765542587384
74.3086241901504,48.1312835583864,55.0920598774772,46.7933237444281
57.2431734000427,45.6026894172582,76.3028731434249,67.9521135591232
68.7145370674804,64.4697788435373,57.152526438862,52.300707591914
63.4832487784358,51.9655477651157,71.465055651225,54.9774308909139
48.0561753017998,60.3184453946863,51.0325238956755,56.6592425205446
85.9947094011379,35.1443962696303,43.1034032119813,54.2158661061446
77.0314254222,52.6705026586926,64.2577421558055,58.3894050046961
75.3320731789931,58.8963079562344,68.1440658058775,43.8274681345308
71.654036602997,50.8228398927542,64.0348045957809,44.4169824605397
56.1798243130756,60.6548037506535,52.2395416266616,38.9984576702831
65.1638286044456,44.8271154989963,64.0015140680329,54.3950123062023
78.4178077478401,64.0934744018558,74.039421288711,57.7893650351211
59.487799702175,72.9889812361925,69.3266045481619,54.5777286615189
44.6823068374919,46.3716143956034,72.7375154589882,66.7449243334754
67.7289399221907,45.5449747859923,59.9482719931865,49.9440398117095
68.5824244597246,64.533844771177,87.5757687207424,56.6874165559251
71.3556341641471,65.7957214573071,52.3573999516783,39.0829912386069
77.2851864351454,44.7713997284673,77.3134044563008,46.129002975256
76.3760581223121,45.7981318290414,87.7283663943994,56.9553775756578
72.5876980524392,47.1821539113949,77.2136213912334,58.4910211074314
81.9553138808671,36.5554948896572,66.9621365940276,47.0603305233582
54.8103021918669,40.813480535158,62.0755443000553,49.2840074814193
75.0458181447739,39.9585923324793,85.5413147656938,34.8212625331919
76.2653836333694,42.3220243489587,48.6553761210749,46.4297079919339
57.6043771391976,49.6531511261322,55.4481360943053,58.9038316351979
54.9712939131761,52.3421473253652,64.0366335176242,55.7520501610657
62.540578735244,65.5050049281408,88.56480636268,55.0066572138121
63.3845855748471,40.0164595926121,75.6965145406134,50.4977368718096
77.5341946350243,59.8432239847658,55.4793136223463,50.0706315862818
63.8546121630891,47.8601115577449,65.3453844192264,43.3967886052655
61.436514817188,49.5053629034757,60.7851528385556,56.9882842020253
63.8836626330544,56.748194921666,59.353165116497,54.2097294438939
81.1863233415421,38.772779784377,84.6833433783517,54.920188479928
70.1304337437695,53.8240974618405,49.4238530610474,44.7396515733242
68.2074897464309,51.6645220821306,94.1317128360156,28.4665708012876
68.8999450129895,54.9245126400815,82.4234453527693,60.971527117537
82.9206033432652,52.8916864390782,86.3629250590555,45.211625439916
62.5082827339676,74.553001399109,63.0559073196211,41.3722423595688
83.155082909401,43.6226001574868,67.7508892138134,56.9347891191399
72.104962989215,44.6900304499818,48.5027227821293,46.0798736008087
68.3958061802465,43.7685947357524,62.130063893998,60.5993638404662
95.0090049793428,44.4452288083975,77.4048227146473,56.170059495767
59.443605102014,43.6261287269348,89.4409459267209,56.8356932320048
66.4631424043299,61.8901653110755,53.3926477479632,36.3404428879947
57.67568760836,64.2050424798986,64.517410945221,62.119439853864
79.5246197053617,44.2925370625052,67.7305116965122,52.6125053123386
86.8918893365168,41.6764442689577,49.0631619671127,46.307228607538
86.6992278140464,54.714155563864,78.870238626376,51.4338846734225
82.23948753146,44.4777695571903,59.1401450238609,32.2376476710168
68.0237953220403,56.3293181775551,67.0691447323446,54.0865281148067
66.3475902251015,52.029230208513,63.2207594213218,39.7062849181793
53.2883022750594,34.8425588500277,58.1599224142049,36.4732971415647
90.3587353518179,65.4750520133006,69.8943252177917,34.7764081378211
74.6897807814847,67.9587767309552,66.7658563214797,61.1268837498992
65.0804309513052,43.8721130951561,64.42213176582,43.7073660630721
83.2805688898697,46.1229844006402,59.0730756747949,65.337277099165
60.2723548324,52.858653907249,74.7928700617443,44.641985369477
74.0662203422267,53.3445678998702,94.8042590273843,32.9264204240705
68.2737086570916,56.5854427267283,72.0983084925869,38.8347556005134
76.386771398803,70.1020453876635,84.9417732236669,62.3581162000694
69.3642646081388,48.2305277250595,49.1466711226981,48.4410182206333
55.4907210888878,42.0170275546155,72.3664215894065,44.517127035094
70.7557637267004,36.2068077198547,53.539475215434,51.6001822585279
80.4886414187536,42.6906996005808,47.8461260870215,55.0178273616755
69.7078359414601,49.668730271262,58.9094288881145,61.1739881590246
77.7511512158909,67.9455786351779,87.8784900162036,64.4849922989293
59.5447051432595,44.8238870096383,84.2502374300447,46.4023135421091
69.7373920673015,52.237879516389,73.645070830816,36.7395231391796
63.7548954491142,49.8357710392725,47.009491601651,45.8653483887672
77.4698084010471,61.8839327344808,67.0557902291809,52.6028050658289
70.31491562262,75.2693242587362,74.525500133526,40.3624107378939
76.9007367633661,44.6913122707968,72.633043443679,40.4284908510496
80.8771042615787,45.1056055748178,42.3430962477888,53.4378788154989
76.9161857512139,60.4416087706907,56.6452322797019,49.5134764842955
72.7311843429364,56.8189148962631,69.0388335377692,50.3279699541159
60.0178774148859,68.4670732573603,78.0443636427578,42.4150466529993
69.972138893331,55.8392818532596,37.0580826835008,47.6959928579423
64.6690959798417,46.4070790921294,67.5681403678021,40.757668557317
66.5593604329577,55.9065483069231,72.1457315481843,58.9019841112479
66.2546584924975,61.0870358058291,82.7441798277432,60.3524933472375
60.2007442521776,58.2048218119736,80.3928637635616,31.5381213776191
50.4266141086601,55.072740311073,78.7385697821321,40.7048913980759
63.3185695167223,60.6667468958915,58.000892399471,35.0347074490992
71.9337945192416,61.6929559044567,41.3799679431504,43.499760655931
56.5182295457251,63.8215899103753,64.104208644079,49.1656203020964
70.1568223647162,56.4870988758964,85.0244773781284,35.5035478030147
89.0026842431097,48.3288191968315,90.9018179128665,40.7814018687469
80.2305655525224,51.4671368643332,80.6582365344668,39.960426279185
86.4354150912053,62.0650896650836,76.440112342026,52.0726732939894
73.9112787693273,41.8306432901276,75.6945947257895,50.6934433703625
81.6750982298645,53.686733088729,61.6582187985883,42.7826244666275
62.7603526953221,46.0666118767264,68.0490955966957,51.768208721394
63.5565973297802,50.2874482293482,95.036042887395,44.5331991541273
42.6085979386253,62.784518626073,55.8616299131219,47.2834488967395
81.861454740423,51.910990680199,94.2216818606478,66.7345209029854
85.4032397981989,50.4643654815615,65.1695776826191,63.4046105179035
64.4682275465273,36.4014385902008,89.8814816364262,37.004187630724
67.4604829360276,57.4625356602722,48.8977748575369,58.2973241787917
62.4613788630904,56.4548418114108,78.7885630174697,58.1139655449159
73.8265355147749,71.6325472330546,58.9484479607857,38.5173671124738
81.2493254530324,46.92221765047,48.7709921211372,58.1877764375486
52.5722802611896,52.1915032766394,73.2780106361642,65.3793191841255
74.0943853064225,52.4938368371076,85.1420768289395,38.7745519375559
67.2332822828085,65.7745327976347,57.3258784210976,40.8249717898574
71.1339439196669,49.0470446761305,47.514760593124,60.176614668435
74.5899400167429,52.7902152577034,68.6223285349757,52.7149531082565
68.1179756122718,56.0789650971654,68.6884700683423,55.5147627523952
68.9641314659422,51.8660912315636,78.2247944133175,53.405892164005
67.8612483244536,45.5356638544947,84.2439185704673,53.9069592092814
79.7031620178828,51.9408999289831,69.1087722809126,36.7352787168892
74.187599601275,60.7363174985977,97.8325497219139,60.4731770662145
72.2058353773736,39.7348470058894,73.3635211680294,61.6958999242777
57.2904827890772,51.3296967414688,64.8036024098965,47.7060925593197
66.2142025678685,42.9987918506083,45.8264896134576,49.5652305018614
78.9866916033917,61.9504662892484,66.0601071952575,34.6889249744428
70.3769657312392,34.7681309521623,64.954195818833,55.1425475601784
76.5953146958914,44.4107815272841,84.4045719442221,55.7205744171414
87.6651180032763,53.7721187506452,76.9372543610028,49.3780898300069
80.3860606920882,65.6552402923434,52.3094631755107,61.243533598705
70.9315833769974,49.3424973892701,72.5838157961656,46.6592276902006
64.8901082980427,44.448004733068,80.0729675759358,55.646059258936
44.464504039441,68.8115706944059,92.9204703908175,39.8033566130788
68.3161507752715,35.5198609958376,83.3125595112109,49.7644784912576
66.7398750418315,28.0119404337992,81.4126998146722,48.2564574209716
73.9036619439538,54.4001445005333,70.9012899192275,52.2530792204094
68.4609477302531,44.9794577564739,75.8246800813517,46.3047307116664
66.7961494056321,39.7876718286929,88.7425735105924,48.6852740432833
52.2060106949278,57.0835644729935,50.0083390378053,58.2604717144151
60.6003217084993,52.438007137712,64.7584100917457,45.6323576276178
74.7665104080056,44.3592136926327,58.4114687686564,33.9342289926132
87.1590763113269,37.1969560132911,75.6872967808919,67.4958390420542
69.0247461625438,58.7245732828014,88.4533326347618,63.8145407869049
73.2781107357412,56.5020117795866,61.0453856991839,37.0773730489438
79.5247815695281,49.0082413622062,34.1454344879584,56.8970780524519
61.8910606379975,68.4663699604767,63.8166888246329,44.9702522944866
73.6681404328544,39.2991523367385,83.7021059802611,52.6348721533106
62.5950989366784,34.7447482907526,78.0644485442482,52.9422412901349
78.6482443849101,43.0809193011876,76.4227937171586,47.6559219968368
71.5140304795173,49.544139836445,65.8001004718828,42.162343344136
72.9845181398144,52.4333944932269,50.8145389567032,43.0945894768374
62.1740140258141,47.5876394214367,77.729414824367,40.8380808451876
77.0703235961079,53.520553965143,57.4857728494806,41.6817779176956
90.8471292123102,37.4846057580956,100,49.3282170995064
59.9208830457179,64.4376460407326,78.5576081253177,42.8424001088925
66.6024099235248,49.1784882160743,61.2902754616907,56.8205206571262
72.3160747416809,61.1729583158813,60.8292212891706,64.8724615533593
77.8640621199582,53.427253463777,68.6058369007962,44.1994675862996
64.4045371471053,54.5675321915378,66.4074711696738,52.3940450053538
41.6696970985726,55.697672802322,86.7525066329493,54.9968511030293
83.5918949416402,54.4770856001731,72.7962425461607,54.7200227091927
77.6050611958414,56.4272275986754,59.0255239163721,50.7595526791609
52.5705246951334,63.2915253013243,98.3566102773367,57.4268241835972
63.9243120822044,51.9652116970147,70.7396249728033,54.8224895268066
85.6818242952733,57.0900375758851,81.5325951395335,37.623375776727
84.4779641845787,49.1026430571277,60.8766023883286,58.6915606438927
79.3864002267894,64.4011721544947,75.4467344161679,58.8729083726674
68.2388756604014,43.2360769794073,74.6666498671479,42.3671389582142
70.8298741881251,68.0094043291082,41.6552606185577,50.379378354476
68.6907419487387,49.5984204935566,100,56.8332899281107
81.2823978326884,35.6922489788195,89.3596669138382,47.9068618042064
61.2415759350489,51.2810441491079,64.0420702578102,60.7297804776601
61.942003451158,43.1894834252512,53.4659538931622,73.6387249461936
80.1027458683602,58.4064354898872,75.2134242070533,42.1401396736502
69.5563854448844,43.4737602069761,71.3004654912159,36.1895539684622
83.7846735545381,45.5381656678522,75.3350342284484,53.0381859560488
63.2848779301945,31.1045926905447,72.8736609429113,57.2156250512614
69.4522163966117,45.4769368075092,77.5936148395889,47.6913362615523
60.7758701515605,25.7612067337104,91.7095854908771,64.5326066332103
70.0736268142357,34.1609717651428,78.5215480769297,36.6139420027675
55.214530630012,57.604146561443,54.2551675163509,56.9291862303161
65.1236657904504,57.8580015865083,90.4384427906868,43.9413917924111
55.6374613507188,54.2545756178496,94.6092184523243,67.193779062073
76.9392323319126,40.3302385687079,100,69.9251535316812
77.1658933975965,49.5228864385802,53.147589501406,42.3334341221665
52.6973726951565,49.9639746090943,73.6432301972541,44.5044286409142
83.3388574550057,38.4163531080746,38.7685194521652,58.595878869798
94.9741512641985,65.0339830176715,78.2972373456881,46.1286935021049
70.4600638673634,58.7736229057567,61.7769955274984,49.5458878206776
63.5888573977536,47.7903582617034,98.8516869223743,50.2538842054241
98.2433059100305,50.2688583899453,58.3807754497213,30.8032684380234
56.8103150169749,52.0838280794755,44.6622544304911,49.8616225390576
70.201064668691,29.5826513157571,62.9310438894622,43.1027222593583
71.7962227263192,47.528226174794,40.3676834317429,45.0687717760023
83.4514762045241,43.180157520022,81.2664918176096,64.4363200346881
73.5973897512679,39.9837999010508,39.0237543061552,37.4349310572074
65.0136610421155,47.1889970711404,70.4268637177474,58.1320518674798
60.4881562961204,67.9768652684952,38.832822702157,47.2103706966819
66.5817817975386,56.4084286126701,65.1955329319504,47.2023983150417
59.9307263905486,44.288210102172,94.650672337068,57.9037189605171
70.4782531978468,55.7258278135616,75.4097183715369,53.4005129456889
64.3580382013951,63.99355436586,57.047595925526,55.7061299721953
55.0596220671025,59.2463368291277,69.5319476659137,59.6818466053286
82.551457883749,50.5963036992017,70.2702530806667,46.6869161681668
65.0232747657096,43.5306322229443,77.0894551876511,43.8776326549225
57.3186319502469,56.9822331361359,49.4971245507876,39.148494734422
68.3174086551246,53.9348538542175,78.88850910771,41.7458947002104
70.6837156596766,58.9519322002773,29.4341255259584,79.4909442530872
52.5353327442097,56.3517180168197,60.5517317145428,62.4467958073679
73.3164766712576,60.4955271531934,62.6758923632268,36.4892563379198
59.5284243130974,44.6476478843943,79.4999023910686,36.7754204325643
87.1102880919079,63.1739406563433,70.339462790153,54.8186606171849
75.2396051207674,51.975996046924,48.9165541921557,55.4726479737797
66.0010000989068,70.7526087262526,55.2251031127448,55.4888383531736
62.5483222968265,43.1081218191043,72.9802001432111,47.450442064463
68.9503229243638,67.3596380316525,68.8139898720317,48.745457399971
76.1279074158329,51.9791078346265,61.3131383554638,53.2787952415936
69.745058714148,43.4858199638555,62.7874931573203,50.8589300629333
67.8284119286314,45.1611416594568,80.4425199573893,27.8069962725246
70.5837029081789,46.7965269180568,62.2346114069618,47.7020036942481
63.9614106876305,54.2416594640192,68.6786313395639,41.4859356573969
66.5679407315696,55.228354880355,100,51.7521141890851
49.14207561095,44.2629999606142,48.6447604467412,79.8525900260341
79.7372623085237,49.7564540773902,42.2223590263801,53.674816654743
72.9879778032176,71.4227035861186,81.7538449719791,46.864703138276
62.2654415596657,67.2754317010071,59.8203540805885,59.2180150197725
88.9873498135524,54.3632366967403,65.2264370838607,54.8268788720921
70.8701648039239,50.380034781682,58.2826543280333,54.2009449045184
59.638564280248,51.2003132671826,66.1029978884873,56.0685059321567
78.5673742147046,56.1351797273042,93.9780716814451,70.5654356482954
73.9804821650926,39.7720743480159,82.0319268792718,38.6911156467408
73.9457998548422,47.4262346257665,82.9333526783047,54.7363207681145
65.7424439534841,33.3141592612241,48.7565941631103,40.7361887001846
74.5049572377803,53.9922312260528,52.732693951707,55.5551264634225
67.3824170977891,56.4719593970274,27.4138201077186,40.8131348851391
75.5594145164584,45.1681353770063,57.8592876837587,45.8263318639492
50.9505554598936,65.7398676329003,84.3505477957849,47.0491008576209
65.6612653702081,37.7423433699766,77.7541977362256,59.7581671934471
87.221550978082,35.3562511979018,66.6773010557181,59.1845444394241
62.329325445997,52.2445181855997,69.6654957442292,37.5428262355362
63.9616170250681,60.4709830261215,59.6667168613689,50.5493411099985
65.5203866155002,66.8392769145787,73.0713832360268,42.9042014525083
57.8519386411136,45.4111573713106,81.4881741922092,37.4149508932467
47.9171922377175,60.786808334313,45.7616981888429,47.8298294957563
67.6941360147639,49.6149153049929,74.4947153175602,46.9151721154418
71.3585942408166,48.2737270005918,83.98652306432,74.2671648634552
69.4749493146135,58.8365993748667,63.7734956655495,54.329598253607
68.5512143805211,56.5232287841342,80.5105091818088,36.2238249924576
70.4304087085039,34.2360784301575,100,44.3522599582906
80.2284147155076,64.765403497259,68.4348581051966,60.213832954294
68.0955381407078,63.8009135414745,75.8996057500799,70.8844277286993
64.2591742291273,43.7443729849047,58.9291437450791,34.1401668776204
67.1887451511191,53.9580353343741,72.7187674390308,31.2007561486095
75.7934675975678,54.9403018628274,76.9040743747346,68.7096517537178
84.1202687854325,52.6067376582391,72.9226351040521,53.896141773709
63.7185626083082,44.4969484615458,54.7045702043672,41.3170726812363
70.9893378702888,43.2837663206195,73.0954265698818,55.3462908612244
73.3835744193596,49.7444592900855,91.9329390807646,23.6425226098312
60.0742199327118,61.7272901925936,76.7295364677179,50.0337550659716
70.2041716721292,55.4360015459443,84.4298078360776,53.2782117284309
55.343261426579,46.2938566791389,66.4448204498106,59.2427013953783
52.309496962606,57.7169871064834,81.2485035913557,39.8610404770746
73.6674640789226,21.5145737936992,74.1890175732479,50.8568716140336
66.1612525866922,61.487657003721,55.7363390546915,40.7457537394041
72.0228040762122,32.602862212219,74.7778150719831,52.5538375567432
69.8210502299165,46.3755905859687,55.1245500483953,41.0465367763698
60.235999513362,38.8033010537386,60.5067958767281,45.9189916083978
69.5474569803566,37.0531852427909,72.8399246093856,40.0418460520977
57.6689869498514,61.6082678737852,74.4586641007019,56.5113624182366
83.909723580014,45.3229879868811,52.1615130238431,58.5845111665667
56.4402965514004,53.4650388173072,85.8097865677431,47.6537943004259
68.0421472903142,49.5307942112082,78.5800941745071,50.3823799496003
59.5772841195275,54.7704082722312,59.4290734658367,35.5140858536646
75.704211733608,50.7682189106026,46.9362280532624,47.0032335199321
66.685686287185,37.1700777581143,67.8264313137785,49.4979538295825
64.8133328037879,59.9626681944714,63.3108442920826,76.2079309102998
78.5320154505155,45.0624341683869,71.6971068557953,38.8803297422584
70.2943059167755,34.4341810134025,64.5532500826665,64.6417723875244
75.1664444593597,45.7188483903409,39.8881470888249,59.9685877346581
60.1867406348254,65.0075979063431,64.1747959254826,52.8063640449014
55.9518305607249,58.5022174211349,65.4157133339753,67.5862048419513
71.0720796204013,46.5134786559214,79.5049153716109,53.7210547260686
66.8115364450527,46.5074229568157,59.5270048808343,53.8915919566793
76.2643467245394,46.7836494878262,95.1801201005885,49.4687934698245
69.2009154733745,70.7674798356084,41.3253917402236,62.2356888241863
72.0507533923463,53.8193545223155,89.6675124670394,60.9646923381088
53.7661747005876,54.3004164719107,66.6352154368284,43.7432271250379
88.8843693961426,60.3028345403184,82.8937730851533,36.8075280540123
68.3575801496797,52.3878915902651,71.197022260881,47.9701936260434
76.975869703392,47.409578541793,87.093333040382,41.9996143560235
61.6390832978037,48.0365015091502,64.1895705317078,49.3647542538464
73.0800990221734,49.2839874058594,53.5206936223328,62.3743813468414
56.9715523647525,49.6277776349016,91.307564309066,45.4269834491321
74.5206783825967,57.2762954363698,68.2977903117679,49.5717661868843
66.4402591561417,50.519458858073,73.3233771043632,50.580227348084
70.2919050393557,57.3264007721558,88.5212787106719,58.4843088220528
76.979740301301,49.1928341989142,54.5206713685835,27.5311066601539
57.6745968877972,50.7863519031609,78.9323634645889,43.932997052347
63.155082693872,30.0179931546789,61.1515786530566,52.1128369227947
74.5732428108677,59.1632767470248,68.0174596653344,62.0007895642686
90.9822147454675,53.4648847589799,71.0841844807643,45.0809755249379
68.6191766533852,59.9801010985965,47.496672078296,31.2344729395813
75.9113611792393,21.0374462180631,58.3174443576935,56.1971144596614
68.9302853014152,70.8837470478073,90.2660933861971,43.6463761117437
89.422455947563,48.6041037184483,83.2928678287719,38.1033334090964
52.5277833303474,61.0818281673752,69.0604063400915,43.7565461028678
70.9462104466936,39.6009407287447,73.6468518776934,48.1547464234415
53.7445596643794,56.1277390506257,65.5863624154531,43.9525533546179
44.9342842946328,39.4658443682634,90.3487507874197,27.9443394290093
72.9746205311782,43.762310393042,66.9947113330875,58.9706619688713
71.3949779614746,69.1403135386679,73.4776313820227,62.7487504127872
67.151630622578,48.0931759923665,87.190452162131,56.5152199133951
68.9380590996025,52.1743287317972,58.3394277273114,38.6231432957518
100,58.7006773068875,93.3818377674534,47.9850846605248
67.4182486196857,54.956818879726,47.0430788538494,49.9347868477054
75.1012436125008,51.5041890514358,94.444631966692,55.9879438956191
63.5063518038612,53.6496100246623,64.4098662407204,56.6834048871808
72.952325750406,74.0341558523828,66.3595187826208,42.658262012215
67.6176632494438,49.4238120296641,41.6498474322559,50.8199555641356
65.8948151727027,52.0109904671497,63.1780792393346,54.5728040461524
88.1889853220032,60.5065439600761,54.4029020345967,64.5582232214677
81.7718496318434,61.0552593295798,60.8853048193979,57.0450653982472
71.3674664739923,61.8703030556038,67.9403355131668,57.8905668737552
46.9578806405603,56.3873022202918,84.3668742170936,50.8382662792936
66.3899077674743,38.5699508726952,73.1140502710094,64.104591452035
97.0302756440508,66.334315323011,74.6151498010167,54.097627959595
67.6933833336029,38.5365460698131,53.5672091673166,41.3891208982643
81.0321757205366,53.0263546523903,56.788688655959,64.0336997012519
84.419424019526,42.4572414998064,96.9808752752697,56.9790327253903
72.1896391585598,49.3586165340701,58.9719844785513,45.5695597887152
61.5817836813185,53.2876241030348,94.8431237808594,45.2050703260076
45.6468766821711,53.2135721545027,66.354082016787,52.9657554514076
76.8416320860895,54.2192075423528,70.0343190421526,54.6318479526758
61.8524399717645,66.1371126905865,86.0554774034489,51.9729226563121
71.7615045188769,54.5353430151398,89.0783863290798,53.1130867344288
57.5017966041064,47.5584336470935,68.3378115958137,66.9995737457638
67.347624595298,59.6408716828836,64.1763541971769,60.7154315223489
70.3371905490105,61.8947048892464,69.1611932721668,51.9063559126502
72.685935810443,37.7239218486301,75.0693629234818,59.4131058076748
58.8517781264759,55.9740006984986,83.3695553030463,39.6747609647246
81.9691094876135,57.011727423109,70.0634478849123,53.9792704994681
